Name,SHA256
Wreck_UH1Y,d0ae9358164b22884a7e3e35d366814c8bad54870232f46f83ed61a57a72e96d
Wreck_Mi8_Crashed,f243808f012b7d21a780b104ad11b5a1c202e807420fbbc0859c60d2edd42d67
Police-1,b4ed71ee4162db6913c68a07dc7fe704067bc69723c6bd6c2fa660560f0b2d36
Police-2,a9fcb1d62411b157449a2cad5a7a837185887217560bdb63ff0c4705e4b92acc
Contam-Static,4ec29e5aee5b8ecc37139e9b08ce7f34f567887bb4e3c2dff5c59754101c3d68
Contam-Dynamic,6e49ef73b522b52ff82a83e3b577ebd623b9468b8e39f524ef89fd0b087fe406
roaming-hunting-cabins-sw-island,590dec0ce9cb55d7c6f38e09bd8378eb8a18f7ea7b72f9ea698b312f312b7eaa
roaming-behind-stadium,9edb9456c582b79e031c334dedcfa98f8e46c77afa5603db6145d6b3ae6aa660
roaming-west-bay-sw-island,9702cd892f3c3c6cbeae209a673d82422f206475d8d38bab95523634dde58cee
roaming-east-bay-sw-island,a7aa50bf09d069dd473103464ffffffa67ab36023fd11ddc5efb3fefe17e43ba
roaming-power-plant-sw-island,e0724afb9b8ad6222d2dde3f930520bf96fd5205c4541d0e5933748a66591cd4
roaming-sw-center-island,89f8153e5bc14232a6ebd30c156bce8c06879978ead742d679d150c989b16075
roaming-police-center-island,f900c4cb574e05c826ecc2083bdd83a88758690d9153801d6339370c03967945
roaming-hospital-center-island,c2a158e72ca9bc6c68b7ec2d1087a5b53c90e90be7b3da97900833e93b223840
roaming-industrial-se-island,6c0832d25d7b5f20d68795a39d5e1bdfe5b0a9e103cdc17891e911d34b4f12da
roaming-harbor-se-island,aa9c178486e694e57020036336df3ba1b3ecc2a9c9a4fc9645b88b7696bde03e
roaming-mid-brdg-nw-island,2d4acd68fcef4ea215e1ad65fb0a2584d4bdf63b3e343ca48fba9567092e4657
roaming-far-brdg-nw-island,1601e1ce610426bfc33058427ae3b338fbc2160d6a3acc15204a23afb1c17cee
roaming-apts-ne-island,0059f0b0de2fccde89ba4e396e99896e7fd02691978aa0f615224711ae02ce32
roaming-town-ne-island,958f6f0ad308b67b2307564aa7bd3c8a28054052f4d0d0b267df05e19a3ba3b7
roaming-hanger-ne-island,ea0478f42c92c7f07688f01fbf15b33359dc437345ab6fb891ac1c174fdb9574
roaming-far-airstrip-ne-island,bae9894cbc98670876845c5dd5a6043f9ee0889f870d6d42aecee78400f07854
roaming-harbor-ne-island,d897ea8fd04e87235906fe2fb849262df41548182072afd8f92d7a59eb2d95fd
roaming-hunting-cabins-ne-island,e580765849f04ece292c327540a9dceefb5735e7fe9e55877b1ef3ce1c9817f4
